,question,answer,model_output,f1,latency,num_tokens,completion_tokens,prompt_tokens
0,when is the last episode of season 8 of the walking dead,"March 18, 2018","The last episode of Season 8 of The Walking Dead is titled ""Wrath"" and it aired on April 15, 2018.",0.09523809523809525,0.8428058624267578,80,29,51
1,in greek mythology who was the goddess of spring growth,"Persephone (/pərˈsɛfəni/; Greek: Περσεφόνη), also called Kore (/ˈkɔːriː/; ""the maiden"")","In Greek mythology, the goddess of spring growth is Persephone. She is also known as the queen of the underworld as she spends part of the year with Hades, the god of the underworld, and the other part on Earth, bringing about the renewal and growth of spring.",0.12244897959183673,1.540959358215332,106,57,49
2,what is the name of the most important jewish text,"{'end_byte': [133303], 'end_token': [4399], 'start_byte': [133231], 'start_token': [4396], 'text': ['the Shulchan Aruch']}","The most important Jewish text is the Torah. The Torah consists of the first five books of the Hebrew Bible: Genesis, Exodus, Leviticus, Numbers, and Deuteronomy. It contains the foundational stories and laws of Judaism. 

[[Torah]]",0.0,1.1592936515808105,100,52,48
3,what is the name of spain's most famous soccer team,Real Madrid,Spain's most famous soccer team is Real Madrid.,0.4,0.7068996429443359,60,10,50
4,when was the first robot used in surgery,"{'end_byte': [92102], 'end_token': [3832], 'start_byte': [92098], 'start_token': [3831], 'text': ['1983']}","The first robot used in surgery was the PUMA 560 robotic surgical arm, which was used in a neurosurgical biopsy in 1985. This robotic arm was developed by Victor Scheinman at Stanford Research Institute. 

To summarize:
1. The first robot used in surgery was the PUMA 560 robotic surgical arm in 1985.
2. Developed by Victor Scheinman at Stanford Research Institute. 

[[1985]]",0.0,3.1858747005462646,137,91,46
