,problem,level,type,solution,model_output,correct,latency,num_tokens,completion_tokens,prompt_tokens,ensemble_output
0,Evaluate $i^5+i^{-25}+i^{45}$.,Level 5,Algebra,"We have $i^5 = i^4\cdot i = 1\cdot (i) = i$.  We also have $i^{-25} = 1/i^{25} = 1/(i^{24}\cdot i) = 1/[1\cdot (i)] = 1/i = \frac1{i}\cdot\frac{i}{i} = i/(-1) = -i$ and $i^{45} = (i^{44})\cdot i= 1\cdot i =i$, and . So, adding these three results gives $i^5 + i^{-25} + i^{45} = i+-i+i = \boxed{i}$.","Recall that $i$ is the imaginary unit, defined by $i=\sqrt{-1}$. We have the following properties of $i$:

1. $i^1 = i$, 
2. $i^2 = -1$, 
3. $i^3 = -i$, 
4. $i^4 = 1$.

We can find the values of $i^5$, $i^{-25}$, and $i^{45}$ by using the pattern of the powers of $i$:

\begin{align*}
i^5 &= i^4 \cdot i = 1 \cdot i = i, \\
i^{-25} &= \frac{1}{i^{25}} = \frac{1}{i^{4 \cdot 6 + 1}} = \frac{1}{i} = -i, \\
i^{45} &= i^{4 \cdot 11 + 1} = i.
\end{align*}

Therefore, $i^5 + i^{-25} + i^{45} = i + (-i) + i = \boxed{i}$.",1.0,9.438235521316528,2071,661,1410,"['Recall that $i$ is the imaginary unit, defined by $i=\\sqrt{-1}$. We have the following properties of $i$:\n\n1. $i^1 = i$, \n2. $i^2 = -1$, \n3. $i^3 = -i$, \n4. $i^4 = 1$.\n\nWe can find the values of $i^5$, $i^{-25}$, and $i^{45}$ by using the pattern of the powers of $i$:\n\n\\begin{align*}\ni^5 &= i^4 \\cdot i = 1 \\cdot i = i, \\\\\ni^{-25} &= \\frac{1}{i^{25}} = \\frac{1}{i^{4 \\cdot 6 + 1}} = \\frac{1}{i} = -i, \\\\\ni^{45} &= i^{4 \\cdot 11 + 1} = i.\n\\end{align*}\n\nTherefore, $i^5 + i^{-25} + i^{45} = i + (-i) + i = \\boxed{i}$.', 'We first find the values of $i^5$, $i^{-25}$, and $i^{45}$ separately.\n\nSince $i$ has a period of $4$, we have $i^5 = i \\cdot i^4 = i \\cdot 1 = i$.\n\nSimilarly, we have $i^{-25} = \\frac{1}{i^{25}} = \\frac{1}{i \\cdot i^{24}} = \\frac{1}{i} = -i$.\n\nLastly, we have $i^{45} = i^{44} \\cdot i = 1 \\cdot i = i$.\n\nTherefore, $i^5 + i^{-25} + i^{45} = i + (-i) + i = \\boxed{i}$.', ""We know that $i$ is the imaginary unit such that $i^2=-1$. Therefore, we can simplify $i^5$ as follows:\n\\[i^5 = i^4 \\cdot i = (i^2)^2 \\cdot i = (-1)^2 \\cdot i = -1.\\]\nNext, let's simplify $i^{-25}$:\n\\[i^{-25} = \\dfrac{1}{i^{25}} = \\dfrac{1}{i^{24} \\cdot i} = \\dfrac{1}{(i^2)^{12} \\cdot i} = \\dfrac{1}{(-1)^{12} \\cdot i} = \\dfrac{1}{1 \\cdot i} = \\dfrac{1}{i} = -i.\\]\nFinally, for $i^{45}$ we have:\n\\[i^{45} = i^{44} \\cdot i = (i^2)^{22} \\cdot i = (-1)^{22} \\cdot i = 1 \\cdot i = i.\\]\nNow, we can find the total sum:\n\\[i^5 + i^{-25} + i^{45} = -1 + (-i) + i = \\boxed{-1}.\\]""]"
